Variable,Coefficient,P-value,OR
const,0.5035396644620382,0.5732699625025548,1.6545675315866883
Merchant Age,-0.09412625549721852,0.6502949009708536,0.9101678412928641
Proximity to Community,0.15837277641058609,0.5580460724265348,1.171602859221991
Rider Visit Freq,0.23621164276910894,0.4085224610924967,1.2664423151637176
Is Restaurant,-0.30611025698220934,0.5936274870066522,0.7363054321655146
Is Convenience Store,-0.2950879837790804,0.600319963115314,0.7444660836448785
