Theme,Merchant Intent,Merchant Risk,Resident Risk,Resident Rule Support,Rider Demand
Management & Intent,53.57142857142857,,,78.43137254901961,
Power & Fire Safety,,79.59183673469387,81.04575163398692,,38.7434554973822
Rest & Environment,,79.59183673469387,73.20261437908496,,41.361256544502616
