Service,Rider Demand,Merchant Supply
Fast Charging,38.7434554973822,23.724489795918373
Drinking Water,46.07329842931937,58.92857142857143
Rest Area,41.361256544502616,32.25218658892128
Restroom,34.031413612565444,16.07142857142857
Parking,35.07853403141361,32.14285714285714
