count,mean,std,min,25%,50%,75%,max
153.0,3.69281045751634,1.0654937436628418,2.0,3.0,4.0,5.0,5.0
153.0,0.5555555555555556,0.49853586801343236,0.0,0.0,1.0,1.0,1.0
153.0,2.052287581699346,0.8255050262303757,1.0,1.0,2.0,3.0,3.0
